district,eligible,last_turnout,booths,wait,observer
1,1760,74.5,4,16,1
2,1653,67.4,3,12,0
3,1995,84.4,5,16,1
4,1293,60.6,1,15,1
5,1847,72.6,4,18,1
6,1173,78.4,2,6,0
7,1457,65.4,2,8,0
8,2120,70.3,4,21,1
9,1908,68,3,17,1
10,2211,70.6,4,16,1
11,1723,81.8,4,19,1
12,1732,63,2,15,1
13,2032,83.1,5,19,1
14,2163,68.1,5,9,0
15,1429,64.4,1,17,1
16,1704,67,3,13,1
17,1896,63.3,3,12,0
18,1523,84.1,4,10,0
19,1775,71.2,3,13,1
20,1500,65.9,2,12,0
21,1615,74.3,4,12,0
22,1761,71.5,4,12,0
23,1320,72.5,3,2,0
24,1708,63.9,3,13,1
25,1163,60.3,2,9,0
26,2048,73.3,4,17,1
27,1148,79.1,3,13,1
28,1854,77.3,4,18,1
29,1589,76.7,3,19,1
30,1419,82.8,4,9,0
31,1328,69.2,1,14,1
32,1458,76.8,3,4,0
33,1620,73.8,3,10,0
34,1330,68.5,2,11,0
35,1080,67.6,1,9,0
36,2076,64.2,4,24,1
37,1371,74.1,3,5,0
38,1587,74.8,3,8,0
39,2252,60.8,3,16,1
40,1017,69.2,2,7,0
41,800,67.1,1,0,0
42,1398,83.5,4,20,1
43,1209,71.4,2,10,0
44,1902,67.4,3,22,1
45,1083,76.1,2,5,0
46,2217,81.3,5,17,1
47,1086,71.8,3,5,0
48,2032,78,5,17,1
49,1251,74.1,2,10,0
50,1352,72.9,3,5,0
51,1317,77.2,3,7,0
52,1279,73.9,3,8,0
53,1471,85.4,4,11,0
54,972,67.2,2,0,0
55,1563,66.6,2,14,1
56,1115,76.8,2,10,0
57,1833,64.5,2,18,1
58,1737,75.2,3,18,1
59,1043,68.6,2,3,0
60,2089,72.9,4,18,1
61,1850,83.7,4,11,0
62,1672,70.9,3,15,1
63,1979,59,2,17,1
64,1390,70.7,3,10,0
65,1292,69.5,2,20,1
66,1536,68.4,2,18,1
67,1143,75.7,3,3,0
68,1896,79.7,5,10,0
69,800,63.4,2,0,0
70,2158,71.6,4,21,1
71,1627,74,3,9,0
72,2277,74.6,6,18,1
73,1978,74.2,4,18,1
74,1860,68.4,4,12,0
75,1820,63.4,2,13,1
76,1536,77,4,8,0
77,1799,78.3,4,17,1
78,2189,61.3,3,21,1
79,1763,68.5,4,16,1
80,1492,81.9,4,10,0
81,1669,55.9,2,14,1
82,1104,62.1,1,14,1
83,1876,88,5,13,1
84,1364,53.1,1,8,0
85,1991,74.5,3,18,1
86,1159,74.3,3,9,0
87,1674,73.7,4,13,1
88,2415,63.8,5,19,1
89,1948,71.7,3,19,1
90,1697,70.7,3,6,0
91,2078,70.4,4,15,1
92,1699,74.3,3,13,1
93,852,65.9,1,9,0
94,1487,79.2,3,12,0
95,1993,74.4,4,15,1
96,2078,52.2,4,19,1
97,1450,73.6,3,16,1
98,1380,70.3,2,8,0
99,1975,67.7,4,13,1
100,1178,79.9,3,8,0
101,2163,70,3,21,1
102,1594,55.9,2,21,1
103,1459,67.8,3,8,0
104,1779,64.2,2,12,0
105,1869,69.5,4,9,0
106,1532,72.2,4,10,0
107,1022,63,1,7,0
108,1804,65.9,4,10,0
109,2391,78.8,5,17,1
110,1361,77,3,12,0
111,1330,64.5,2,5,0
112,2077,75,4,11,0
113,999,67,2,3,0
114,1101,75.9,3,7,0
115,2105,48.5,2,25,1
116,1153,85.5,3,3,0
117,1999,69.5,3,23,1
118,1610,79.1,4,7,0
119,2067,71.9,4,15,1
120,2128,67.1,4,17,1
121,1121,72.7,2,5,0
122,1992,59.8,3,14,1
123,1503,74.8,4,8,0
124,2005,70.1,4,14,1
125,2415,81.4,6,15,1
126,2155,63.6,3,19,1
127,1386,59.4,2,5,0
128,1075,59.3,1,8,0
129,1936,79.1,5,14,1
130,1008,74.1,2,2,0
131,1417,66.9,2,14,1
132,1580,58.7,2,15,1
133,1174,62.4,1,10,0
134,1234,80.6,3,5,0
135,1790,76.6,5,10,0
136,1928,90.8,5,14,1
137,1990,79.4,5,16,1
138,1475,87.1,4,13,1
139,1737,75.2,4,18,1
140,1191,78.5,3,10,0
141,1792,61,2,17,1
142,1522,78.9,4,14,1
143,985,64.2,1,12,0
144,1141,81.5,3,7,0
145,2245,62,4,22,1
146,1603,69.6,2,12,0
147,1348,70.2,2,7,0
148,1865,71.8,4,12,0
149,1754,81,5,7,0
150,1391,77.5,3,13,1
151,1662,69,3,14,1
152,1724,81.7,5,6,0
153,1151,81.3,2,7,0
154,1479,72.6,3,5,0
155,1411,73.1,2,7,0
156,1905,84.3,5,16,1
157,1520,63.6,2,16,1
158,1848,68.9,3,16,1
159,2022,75,3,17,1
160,1708,65.3,3,15,1
161,2073,80.7,5,20,1
162,1733,77.3,4,14,1
163,1797,72.7,4,17,1
164,1660,75.9,3,12,0
165,1717,84.9,4,10,0
166,1332,87,4,13,1
167,1295,68.8,2,8,0
168,1083,84.4,4,4,0
169,2151,76,5,17,1
170,1821,73.1,4,19,1
171,1747,78.3,4,8,0
172,2032,69,4,16,1
173,1712,66.7,3,16,1
174,1950,74.2,3,19,1
175,2205,73.2,4,13,1
176,1425,63.6,2,15,1
177,1387,66.9,2,9,0
178,2131,68.8,4,12,0
179,1701,77.8,4,14,1
180,1580,64.1,2,15,1
181,1764,61,3,16,1
182,1247,68,2,4,0
183,988,63.5,1,10,0
184,1923,70.2,4,15,1
185,1546,66,2,14,1
186,1528,72,4,8,0
187,1196,75.1,2,14,1
188,2196,82,5,19,1
189,973,61.9,1,8,0
190,1484,79.5,4,11,0
191,1842,65.8,3,17,1
192,1051,76.6,2,3,0
193,1400,75.3,3,4,0
194,1789,70.9,3,13,1
195,2216,71.9,4,23,1
196,2180,68.3,3,19,1
197,1499,69.5,3,18,1
198,1295,68.9,3,11,0
199,1854,66.7,3,12,0
200,1104,73.4,2,3,0
201,1002,72.5,2,10,0
202,1292,67.8,2,9,0
203,1628,86.9,5,11,0
204,1404,65.5,2,13,1
205,1505,69.8,2,22,1
206,1652,70.7,3,17,1
207,1779,64.6,4,12,0
208,1304,62.7,2,8,0
209,1653,68.3,4,5,0
210,1578,60.7,2,18,1
211,1875,74.9,4,15,1
212,1060,74.7,2,5,0
213,931,80.9,2,2,0
214,1693,71.6,3,13,1
215,1896,62.8,2,19,1
216,1906,69.5,3,19,1
217,1253,72.7,3,3,0
218,1723,66.5,3,6,0
219,1647,74.3,4,13,1
220,1823,62.5,3,18,1
221,1095,69.2,3,0,0
222,1431,61.2,2,7,0
223,1804,57.9,2,18,1
224,2049,72.7,4,16,1
225,1936,69.9,4,13,1
226,1897,79.8,4,17,1
227,2500,62.9,4,18,1
228,2127,61.5,4,12,0
229,2500,84.9,6,27,1
230,1161,72.1,3,7,0
231,1519,86.3,4,17,1
232,1329,76.7,3,18,1
233,1747,82,4,14,1
234,1758,89.2,5,11,0
235,1871,69.3,4,10,0
236,1763,73,3,15,1
237,2082,75.9,4,16,1
238,1968,74.3,5,4,0
239,1499,67.2,3,9,0
240,1328,65.7,2,16,1
241,1326,81.5,4,22,1
242,1606,83.9,4,7,0
243,1629,78.3,4,13,1
244,1765,68.8,2,13,1
245,2064,74.6,5,16,1
246,1783,73.1,3,21,1
247,1361,73.6,3,7,0
248,1673,64.8,2,12,0
249,2070,69.8,4,8,0
250,1227,88.7,4,5,0
251,1836,76.1,4,17,1
252,1752,73.2,4,7,0
253,1811,67,3,15,1
254,1628,76.2,3,14,1
255,1095,65.1,1,11,0
256,1908,67.9,3,19,1
257,1114,65.5,3,6,0
258,899,77,2,0,0
259,1278,88.1,4,12,0
260,1527,63.8,2,15,1
261,1469,63.4,2,10,0
262,1539,79.5,4,13,1
263,1793,67.2,3,6,0
264,2186,70,4,13,1
265,1922,78.9,5,20,1
266,1355,68.8,2,9,0
267,1032,59.4,1,13,1
268,2184,59.5,4,13,1
269,1759,65.5,3,8,0
270,1948,65,3,13,1
271,1646,76.8,4,11,0
272,2077,84.6,4,21,1
273,1788,75.2,3,19,1
274,1463,74.2,3,7,0
275,1424,86.5,6,4,1
276,1127,63,3,4,0
277,1279,76.3,3,5,0
278,1728,69.6,3,10,0
279,1058,69.8,3,3,0
280,1329,70.3,2,12,0
281,1326,80.1,3,4,0
282,1723,79.1,5,11,0
283,2500,76,5,20,1
284,800,71.9,2,0,0
285,2256,71.4,4,12,0
286,1768,83.5,4,17,1
287,1457,71.8,3,15,1
288,1776,68.1,3,10,0
289,1676,62.8,3,4,0
290,2232,64.5,4,14,1
291,1923,68.9,3,16,1
292,1432,66,2,13,1
293,1172,70.4,2,8,0
294,1333,60.5,1,11,0
295,1213,62.8,1,16,1
296,1156,73.7,2,3,0
297,800,76.6,2,7,0
298,1028,83.4,3,5,0
299,1370,69.3,2,7,0
300,1181,69.2,3,1,0
