district,usual_turnout
1,70.8
2,67
3,81.5
4,59.6
5,77.2
6,73.8
7,63.4
8,69
9,67.8
10,65.5
11,81.7
12,61.3
13,80.9
14,71.5
15,61.1
16,66.3
17,65.5
18,83.8
19,69.1
20,70.9
21,73.7
22,71.9
23,75
24,63.3
25,63.5
26,76.7
27,76.2
28,75.4
29,73.2
30,86.9
31,62.9
32,71
33,73
34,67.8
35,67.4
36,69
37,75.6
38,72.8
39,59.7
40,73.1
41,67.3
42,82.8
43,70
44,64.4
45,75
46,78.8
47,71.7
48,78.4
49,71
50,73.4
51,79.8
52,74.7
53,86.4
54,70.1
55,64.6
56,73
57,64.8
58,73.1
59,72.2
60,73.1
61,86.5
62,71.1
63,57.5
64,70.1
65,65.3
66,70.2
67,78.1
68,82.3
69,63.9
70,73.6
71,74.9
72,76.1
73,76.5
74,73.3
75,58.6
76,80.6
77,75.2
78,63.9
79,72.3
80,81.4
81,57.1
82,62.7
83,81.4
84,56
85,74.5
86,76.9
87,74.6
88,65.9
89,72.2
90,67.6
91,74.4
92,72.2
93,67
94,77.6
95,74.7
96,56.8
97,76.5
98,70.6
99,68.6
100,83
101,63.3
102,58.3
103,68.3
104,63.9
105,69.8
106,75.1
107,61.4
108,70.6
109,77.1
110,76.5
111,65.4
112,71.2
113,68.7
114,77.7
115,52
116,79.6
117,65.3
118,77.3
119,72.3
120,68.3
121,74.2
122,63.4
123,73.6
124,67.5
125,79
126,65.2
127,60.2
128,61.4
129,81.1
130,77.1
131,65.7
132,61.2
133,63
134,80.3
135,76.4
136,88
137,83
138,88
139,80
140,81.1
141,60.3
142,75.7
143,65.8
144,79.2
145,68.7
146,68.3
147,70.9
148,69.7
149,81.6
150,76.2
151,70.8
152,82.9
153,75.4
154,72.3
155,73.8
156,82.5
157,59.1
158,68.5
159,73.5
160,70.6
161,81.3
162,76.4
163,72.1
164,75.9
165,81.8
166,88
167,70
168,84.9
169,75.3
170,73.9
171,77.4
172,68.6
173,63.2
174,68.2
175,71.9
176,67
177,65.5
178,65.4
179,77.8
180,61.5
181,64.4
182,66.8
183,63.8
184,69.7
185,64.3
186,73
187,75.4
188,80.4
189,62.4
190,79.6
191,69.4
192,75.5
193,72.8
194,70.7
195,69.1
196,66.8
197,70.3
198,69.8
199,68.7
200,69.5
201,71.7
202,70.2
203,86.2
204,63.8
205,65.8
206,70.7
207,64.3
208,65.2
209,71.3
210,65.2
211,72.1
212,75.7
213,75
214,70
215,63.5
216,64.8
217,75
218,66.1
219,77
220,65.3
221,70
222,62.2
223,60.5
224,76.6
225,71.2
226,79.6
227,60.8
228,64.9
229,81.4
230,71.2
231,88
232,77.3
233,80.3
234,88
235,68
236,73.6
237,78.2
238,73.4
239,68.8
240,64.5
241,81.1
242,79.4
243,80.3
244,66.4
245,74.3
246,70.7
247,73.6
248,65.2
249,69.3
250,87.6
251,73.6
252,72.9
253,66.5
254,72.3
255,64.5
256,68.4
257,70.9
258,74
259,87.2
260,67
261,62.6
262,81.2
263,69.4
264,69.4
265,82
266,66.1
267,62.5
268,62.2
269,64.6
270,63.9
271,77.5
272,83
273,77.5
274,77.6
275,87.6
276,64.4
277,77
278,68.6
279,70.2
280,70.4
281,77.2
282,84.5
283,77.6
284,69
285,65.6
286,84.4
287,70.1
288,66.4
289,62.4
290,62.8
291,71
292,67.5
293,72.2
294,58.3
295,62.5
296,70.9
297,73.7
298,80.8
299,67
300,67.2
